1500002;1500022;xeroc;cf831ba755b61bc0eb2cd4a36f7f23f06e503ed7
1500002;1500025;tuck-fheman;cf831ba755b61bc0eb2cd4a36f7f23f06e503ed7
1500002;1500026;tuck-fheman;cf831ba755b61bc0eb2cd4a36f7f23f06e503ed7
1500002;1500029;xeroc;cf831ba755b61bc0eb2cd4a36f7f23f06e503ed7
1500005;1500015;galaxy;ef8be9bee9de9b3c1c63f41f0f3bceb5a242cb41
1500005;1500027;au1nethyb1;ef8be9bee9de9b3c1c63f41f0f3bceb5a242cb41
1500014;1500019;simba;aff37488bbd776044b01e9ddbd4aad62b0095a4c
1500014;1500026;simba;aff37488bbd776044b01e9ddbd4aad62b0095a4c
1500014;1500029;relativelyboston;aff37488bbd776044b01e9ddbd4aad62b0095a4c
1500014;1500036;relativelyboston;aff37488bbd776044b01e9ddbd4aad62b0095a4c
1500016;1500024;cryptorune;c552d9af0263730f6ab0653cb27386270ffdf51b
1500016;1500024;relativelyboston;c552d9af0263730f6ab0653cb27386270ffdf51b
1500016;1500028;cryptorune;c552d9af0263730f6ab0653cb27386270ffdf51b
1500016;1500028;relativelyboston;c552d9af0263730f6ab0653cb27386270ffdf51b
1500019;1500028;stan;75046236235879d3c65398565f17613f50006565
1500019;1500031;mf-tzo;75046236235879d3c65398565f17613f50006565
1500019;1500036;mf-tzo;75046236235879d3c65398565f17613f50006565
1500019;1500045;stan;75046236235879d3c65398565f17613f50006565
1500025;1500045;benjojo;235f6c66bdf7f8274822baa4a2d39c68b1d4e2f2
1500030;1500042;bob-the-poster;a43c73b7a3f2f5b32bce611e1d4f2a438e6f2b0a
1500033;1500039;bob-the-poster;bd05ca3643d409f2c68efde09f006582195f4df5
1500033;1500060;bob-the-poster;bd05ca3643d409f2c68efde09f006582195f4df5
1500034;1500048;mf-tzo;d5b92c287646b5913fc239159c9a97740d4c1eb8
1500034;1500050;arhag;d5b92c287646b5913fc239159c9a97740d4c1eb8
1500034;1500053;mf-tzo;d5b92c287646b5913fc239159c9a97740d4c1eb8
1500034;1500054;arhag;d5b92c287646b5913fc239159c9a97740d4c1eb8
1500036;1500042;bobmaloney;b0ecd17e0a77662e562cce67f30c769d359a29e3
1500036;1500049;gavvet;b0ecd17e0a77662e562cce67f30c769d359a29e3
1500036;1500055;gavvet;b0ecd17e0a77662e562cce67f30c769d359a29e3
1500036;1500063;bobmaloney;b0ecd17e0a77662e562cce67f30c769d359a29e3
1500041;1500055;lostcity;b8200628107a3a78b57c6941064c39eb8057621f
1500041;1500066;steemed;b8200628107a3a78b57c6941064c39eb8057621f
1500042;1500049;tombstone;3a9b50169088ce7571f733e601b47ae132590f1f
1500042;1500057;dantheman;3a9b50169088ce7571f733e601b47ae132590f1f
1500046;1500060;paradox;94318d40688f4ac982cea0f4710242b2217f4f3e
1500046;1500067;datasecuritynode;94318d40688f4ac982cea0f4710242b2217f4f3e
1500055;1500060;mf-tzo;ad3537da77234d5d929e3c4f7ffb5f27f689ff41
1500055;1500064;mf-tzo;ad3537da77234d5d929e3c4f7ffb5f27f689ff41
1500055;1500080;au1nethyb1;ad3537da77234d5d929e3c4f7ffb5f27f689ff41
1500055;1500084;au1nethyb1;ad3537da77234d5d929e3c4f7ffb5f27f689ff41
1500059;1500064;tombstone;0ec27c39232ed35faafe2f23aa83686282fe6504
1500059;1500069;tuck-fheman;0ec27c39232ed35faafe2f23aa83686282fe6504
1500061;1500070;pharesim;e93ef7fd900346b1a9ed27554512d0fcb095cda9
1500061;1500074;mf-tzo;e93ef7fd900346b1a9ed27554512d0fcb095cda9
1500061;1500079;mf-tzo;e93ef7fd900346b1a9ed27554512d0fcb095cda9
1500061;1500082;pharesim;e93ef7fd900346b1a9ed27554512d0fcb095cda9
1500063;1500093;anon;ba645de72fec5b107d3417542518bf3ff32fa34e
1500063;1500093;tuck-fheman;ba645de72fec5b107d3417542518bf3ff32fa34e
1500065;1500077;mf-tzo;f3e6c11acdec28aff171ab35303bc29ffe4ffb22
1500065;1500085;pharesim;f3e6c11acdec28aff171ab35303bc29ffe4ffb22
1500065;1500087;pharesim;f3e6c11acdec28aff171ab35303bc29ffe4ffb22
1500065;1500090;mf-tzo;f3e6c11acdec28aff171ab35303bc29ffe4ffb22
1500076;1500087;fuzzyvest;759d90209a00a395d84b449f698663e9c49f2c8b
1500076;1500087;mf-tzo;759d90209a00a395d84b449f698663e9c49f2c8b
1500076;1500097;fuzzyvest;759d90209a00a395d84b449f698663e9c49f2c8b
1500076;1500100;mf-tzo;759d90209a00a395d84b449f698663e9c49f2c8b
1500082;1500089;dantheman;c56ebf00cbf4a5fcafdfcadfad48c24a72192418
1500082;1500089;tuck-fheman;c56ebf00cbf4a5fcafdfcadfad48c24a72192418
1500083;1500092;nextgencrypto;6c488c580c4da1a573066725f90915030d136e0a
1500083;1500102;mf-tzo;6c488c580c4da1a573066725f90915030d136e0a
1500083;1500105;mf-tzo;6c488c580c4da1a573066725f90915030d136e0a
1500083;1500112;nextgencrypto;6c488c580c4da1a573066725f90915030d136e0a
1500086;1500092;mf-tzo;8364801ccda8f6007933e683b230eb964e16d8ad
1500086;1500093;nextgencrypto;8364801ccda8f6007933e683b230eb964e16d8ad
1500086;1500098;nextgencrypto;8364801ccda8f6007933e683b230eb964e16d8ad
1500086;1500115;mf-tzo;8364801ccda8f6007933e683b230eb964e16d8ad
1500087;1500110;coldstorage2;58a34275c80819e32f8bfaece32f0481f67689fb
1500087;1500113;abit;58a34275c80819e32f8bfaece32f0481f67689fb
1500091;1500103;anon;bc8f1aca8fa1817a2a9f8c52f84340010cd5a686
1500091;1500113;tuck-fheman;bc8f1aca8fa1817a2a9f8c52f84340010cd5a686
1500095;1500100;mf-tzo;2916f365e75c6ead0124e1b16bf32f0fce783237
1500095;1500108;wackou;2916f365e75c6ead0124e1b16bf32f0fce783237
1500095;1500109;wackou;2916f365e75c6ead0124e1b16bf32f0fce783237
1500095;1500122;mf-tzo;2916f365e75c6ead0124e1b16bf32f0fce783237
1500096;1500110;wackou;28a1f6f8e8a693afcc14cd0a90638dbcd00c0ea7
1500096;1500113;mf-tzo;28a1f6f8e8a693afcc14cd0a90638dbcd00c0ea7
1500096;1500113;wackou;28a1f6f8e8a693afcc14cd0a90638dbcd00c0ea7
1500096;1500126;mf-tzo;28a1f6f8e8a693afcc14cd0a90638dbcd00c0ea7
1500098;1500112;bmw;a262268b4fb63f8de94a7b1c4707f96049c4e118
1500098;1500123;riverhead;a262268b4fb63f8de94a7b1c4707f96049c4e118
1500106;1500112;polaris;f34c802ae8f39af208f5f7eb8d6a225163cd3b28
1500106;1500128;wackou;f34c802ae8f39af208f5f7eb8d6a225163cd3b28
1500114;1500130;nextgencrypto;d0a2a7bc6d4a8de3165193b054b91fe51dfa5622
1500114;1500137;tuck-fheman;d0a2a7bc6d4a8de3165193b054b91fe51dfa5622
1500115;1500131;clayop;edc2d30b1e1d27115c849189d051b0792be09a8f
1500115;1500134;mf-tzo;edc2d30b1e1d27115c849189d051b0792be09a8f
1500115;1500138;mf-tzo;edc2d30b1e1d27115c849189d051b0792be09a8f
1500115;1500144;clayop;edc2d30b1e1d27115c849189d051b0792be09a8f
1500117;1500135;tuck-fheman;62392af4313a5dcd1f65a1a59ddeb0227746fabb
1500117;1500142;tuck-fheman;62392af4313a5dcd1f65a1a59ddeb0227746fabb
1500125;1500141;clayop;7fcd1c0ea2a9e923da7e3076d519715d6862d7c2
1500125;1500141;mf-tzo;7fcd1c0ea2a9e923da7e3076d519715d6862d7c2
1500125;1500146;mf-tzo;7fcd1c0ea2a9e923da7e3076d519715d6862d7c2
1500125;1500148;clayop;7fcd1c0ea2a9e923da7e3076d519715d6862d7c2
1500131;1500142;steemservices;52ca0cd0a9756d8ee4777142679fa00929fb50a4
1500131;1500148;steemservices;52ca0cd0a9756d8ee4777142679fa00929fb50a4
1500131;1500150;mf-tzo;52ca0cd0a9756d8ee4777142679fa00929fb50a4
1500131;1500159;mf-tzo;52ca0cd0a9756d8ee4777142679fa00929fb50a4
1500142;1500152;puppies;675d36efe20a1512ff7b34a26a05fc7a61f9414e
1500142;1500155;mf-tzo;675d36efe20a1512ff7b34a26a05fc7a61f9414e
1500142;1500155;puppies;675d36efe20a1512ff7b34a26a05fc7a61f9414e
1500142;1500170;mf-tzo;675d36efe20a1512ff7b34a26a05fc7a61f9414e
1500144;1500149;summon;a3ed35b4bbb8ad43fb278609d5f4566e8b0a720c
1500144;1500162;cass;a3ed35b4bbb8ad43fb278609d5f4566e8b0a720c
1500144;1500166;cass;a3ed35b4bbb8ad43fb278609d5f4566e8b0a720c
1500144;1500169;summon;a3ed35b4bbb8ad43fb278609d5f4566e8b0a720c
1500169;1500178;chryspano;a2fb45dfa4700ac20f95e9139983d4ee5cfdc968
1500169;1500190;cryptorune;a2fb45dfa4700ac20f95e9139983d4ee5cfdc968
1500178;1500193;benjojo;1c16fa971a14262047b4cbb3a8720a298e23a62d
1500178;1500195;benjojo;1c16fa971a14262047b4cbb3a8720a298e23a62d
1500178;1500196;linouxis9;1c16fa971a14262047b4cbb3a8720a298e23a62d
1500178;1500197;linouxis9;1c16fa971a14262047b4cbb3a8720a298e23a62d
1500183;1500193;b0y2k32;e9cff7f602a353174b4bb92a867fc9371f5567f8
1500183;1500210;silversteem;e9cff7f602a353174b4bb92a867fc9371f5567f8
1500198;1500209;nirvana;c9936e52d2bf30554e9baa5b8d9337b8117050f1
1500198;1500219;wackou;c9936e52d2bf30554e9baa5b8d9337b8117050f1
1500213;1500233;steemychicken1;9bbe46211aa4229057d4580a0365043c4898da8c
1500224;1500233;b0y2k11;eb2ebd734504f82a2540879d6a16c905fc7ed4a7
1500224;1500233;smooth.witness;eb2ebd734504f82a2540879d6a16c905fc7ed4a7
1500239;1500253;turbobit5;22c681ea3caeb4685a09fadc01545ba05e440363
1500239;1500261;clayop;22c681ea3caeb4685a09fadc01545ba05e440363
1500247;1500255;addisdev;8d9a15b60c311b3864edbe10a84041b5f39ae2d4
1500247;1500264;nkdk;8d9a15b60c311b3864edbe10a84041b5f39ae2d4
1500247;1500273;nkdk;8d9a15b60c311b3864edbe10a84041b5f39ae2d4
1500247;1500274;addisdev;8d9a15b60c311b3864edbe10a84041b5f39ae2d4
1500248;1500262;b0y2k12;aaebed0cb2a8cff93bd83bd3b1209ab69c3b833b
1500248;1500269;pharesim;aaebed0cb2a8cff93bd83bd3b1209ab69c3b833b
1500262;1500277;nkdk;05008e478c9b45377eaca3ee04dad030bbb20b84
1500266;1500285;steemservices;54a0fa1cbcc26aead8a1d92db380ca2ee4dbb7c0
1500266;1500286;bob-the-poster;54a0fa1cbcc26aead8a1d92db380ca2ee4dbb7c0
1500266;1500287;bob-the-poster;54a0fa1cbcc26aead8a1d92db380ca2ee4dbb7c0
1500266;1500295;steemservices;54a0fa1cbcc26aead8a1d92db380ca2ee4dbb7c0
1500268;1500276;wackou;cb23bab824ede4f79a6897bd72473ab7dbf7ddcd
1500268;1500279;linouxis9;cb23bab824ede4f79a6897bd72473ab7dbf7ddcd
1500268;1500281;linouxis9;cb23bab824ede4f79a6897bd72473ab7dbf7ddcd
1500268;1500297;wackou;cb23bab824ede4f79a6897bd72473ab7dbf7ddcd
1500269;1500277;linouxis9;b655ec1edb942ad80b87c1953287a978aef80855
1500269;1500286;tombstone;b655ec1edb942ad80b87c1953287a978aef80855
1500269;1500289;linouxis9;b655ec1edb942ad80b87c1953287a978aef80855
1500269;1500289;tombstone;b655ec1edb942ad80b87c1953287a978aef80855
1500271;1500276;linouxis9;e79d7b9fc6dbbc9aeb794bb98c1f23fbebdee689
1500271;1500276;xeroc;e79d7b9fc6dbbc9aeb794bb98c1f23fbebdee689
1500271;1500280;linouxis9;e79d7b9fc6dbbc9aeb794bb98c1f23fbebdee689
1500271;1500281;xeroc;e79d7b9fc6dbbc9aeb794bb98c1f23fbebdee689
1500276;1500291;linouxis9;b89396e06c3bf28ef34d2eacffdf8f79ccd6a334
1500276;1500304;linouxis9;b89396e06c3bf28ef34d2eacffdf8f79ccd6a334
1500286;1500303;silversteem;606e4cdef54ee6169817aaed5ffde8275cace0d3
1500286;1500313;alahrules;606e4cdef54ee6169817aaed5ffde8275cace0d3
1500305;1500310;linouxis9;350b2118b5570643cf0a2da15074d185824e17b2
1500305;1500316;linouxis9;350b2118b5570643cf0a2da15074d185824e17b2
1500305;1500325;cryptorune;350b2118b5570643cf0a2da15074d185824e17b2
1500305;1500332;cryptorune;350b2118b5570643cf0a2da15074d185824e17b2
1500306;1500321;linouxis9;7f9b751cd11560420e86dde7ad52e86dfd0432a3
1500306;1500321;team;7f9b751cd11560420e86dde7ad52e86dfd0432a3
1500306;1500329;team;7f9b751cd11560420e86dde7ad52e86dfd0432a3
1500306;1500334;linouxis9;7f9b751cd11560420e86dde7ad52e86dfd0432a3
1500309;1500314;linouxis9;3da7d56f246492170de1d6c62e9887b46892c941
1500309;1500316;donkeypong;3da7d56f246492170de1d6c62e9887b46892c941
1500309;1500332;linouxis9;3da7d56f246492170de1d6c62e9887b46892c941
1500309;1500334;donkeypong;3da7d56f246492170de1d6c62e9887b46892c941
1500310;1500320;linouxis9;02c2edff2807f7263395bee0a2f18e1dce850f99
1500310;1500322;dantheman;02c2edff2807f7263395bee0a2f18e1dce850f99
1500310;1500324;linouxis9;02c2edff2807f7263395bee0a2f18e1dce850f99
1500310;1500339;dantheman;02c2edff2807f7263395bee0a2f18e1dce850f99
1500322;1500340;josephcraig289;06cb125af44a85c079cee1a35a260fd7b96d33ac
1500331;1500339;linouxis9;64315e1e7f4e85e3765c0a3f3f9405c177e950b1
1500331;1500352;clayop;64315e1e7f4e85e3765c0a3f3f9405c177e950b1
1500333;1500341;clayop;972ce9ea376d0b5c8cc933757fbbebd789b2f188
1500333;1500344;linouxis9;972ce9ea376d0b5c8cc933757fbbebd789b2f188
1500333;1500357;clayop;972ce9ea376d0b5c8cc933757fbbebd789b2f188
1500333;1500357;linouxis9;972ce9ea376d0b5c8cc933757fbbebd789b2f188
1500337;1500352;chitty;70edbf08507c06103f4f7b4f20bea66ae6a88d8a
1500341;1500355;dantheman;078c55b0d0ed1c53da539bce20f45b388895da27
1500341;1500362;mf-tzo;078c55b0d0ed1c53da539bce20f45b388895da27
1500342;1500367;mldorton;533a9b537e6a8d9e0812f581975b7cbc176d2644
1500345;1500353;linouxis9;32166cdd339a1351ee50020dbe426eefde1d210d
1500345;1500355;chitty;32166cdd339a1351ee50020dbe426eefde1d210d
1500345;1500356;linouxis9;32166cdd339a1351ee50020dbe426eefde1d210d
1500345;1500359;chitty;32166cdd339a1351ee50020dbe426eefde1d210d
1500346;1500367;chitty;6d20b4945c27b536c3a9b249a720bfa4d60925a1
1500346;1500376;chitty;6d20b4945c27b536c3a9b249a720bfa4d60925a1
1500409;1500414;clayop;0931d856ad3f90e7d51678234b4d6e0f26818f63
1500409;1500418;clayop;0931d856ad3f90e7d51678234b4d6e0f26818f63
1500409;1500428;gregory-f;0931d856ad3f90e7d51678234b4d6e0f26818f63
1500409;1500431;gregory-f;0931d856ad3f90e7d51678234b4d6e0f26818f63
1500427;1500432;chitty;6f362871508f971c5231732a055902b5242e0249
1500427;1500440;ash;6f362871508f971c5231732a055902b5242e0249
1500427;1500444;chitty;6f362871508f971c5231732a055902b5242e0249
1500427;1500451;ash;6f362871508f971c5231732a055902b5242e0249
1500431;1500440;alo;91a4a1ab7f0021a6459ce49ac0c907c3ef9e7e2a
1500431;1500454;kushed;91a4a1ab7f0021a6459ce49ac0c907c3ef9e7e2a
1500431;1500455;;91a4a1ab7f0021a6459ce49ac0c907c3ef9e7e2a
1500431;1500461;alo;91a4a1ab7f0021a6459ce49ac0c907c3ef9e7e2a
1500441;1500451;dab;40e8ed30482de2798a6ef2f58ac823b7d672f17a
1500441;1500456;witness.svk;40e8ed30482de2798a6ef2f58ac823b7d672f17a
1500444;1500457;benjojo;b16baad2af7f96e0b9815ea85abd50c9ef5483b8
1500446;1500464;xeldal;4985d5f490a087dae2bd1789e6ecdc920dd31479
1500446;1500472;insomnia;4985d5f490a087dae2bd1789e6ecdc920dd31479
1500455;1500461;candy.crush;1e97846f9b46911d4cf2dab385bc40f93f0799f7
1500455;1500462;cyrano.witness;1e97846f9b46911d4cf2dab385bc40f93f0799f7
1500466;1500488;godless;893933fd90c5e4795c86cb34c46aa256aed89aa2
1500466;1500492;riverhead;893933fd90c5e4795c86cb34c46aa256aed89aa2
1500470;1500475;steemed;1aa97c398705d405fac3301b0ca0623c0b8decb7
1500470;1500482;steemed;1aa97c398705d405fac3301b0ca0623c0b8decb7
1500470;1500487;gregory-f;1aa97c398705d405fac3301b0ca0623c0b8decb7
1500472;1500483;zyzxvbq1;81b6ab6b01fbe21f5d38dad213de2526ca1191f5
1500472;1500492;witness.svk;81b6ab6b01fbe21f5d38dad213de2526ca1191f5
1500477;1500495;steempty;e77d1d8638299f7fdc85f6ac1c9be04a088ed83f
1500477;1500499;books;e77d1d8638299f7fdc85f6ac1c9be04a088ed83f
1500488;1500500;sock;f146d9e3e878b12f5aaca56b51ec0ae7e3b47009
1500488;1500508;enable;f146d9e3e878b12f5aaca56b51ec0ae7e3b47009
1500488;1500510;enable;f146d9e3e878b12f5aaca56b51ec0ae7e3b47009
1500506;1500512;noaommerrr;81999e47826113ee8ce50175708df46be2d0c9f7
1500506;1500516;sock;81999e47826113ee8ce50175708df46be2d0c9f7
1500506;1500519;noaommerrr;81999e47826113ee8ce50175708df46be2d0c9f7
1500506;1500520;sock;81999e47826113ee8ce50175708df46be2d0c9f7
1500509;1500527;cryptorune;b393ca2f377c6252246f45bf924313fae9abd139
1500509;1500527;tuck-fheman;b393ca2f377c6252246f45bf924313fae9abd139
1500514;1500525;witness.svk;d66f8ce9af11b44897859a95f508036223061b2c
1500514;1500527;benskin;d66f8ce9af11b44897859a95f508036223061b2c
1500515;1500527;diaphanous;6ae25783d5f3c12ccf266a1f7cdfae16b08a172e
1500515;1500533;steempty;6ae25783d5f3c12ccf266a1f7cdfae16b08a172e
1500516;1500528;chitty;e543bfe79f74e4f020e8df7539abaab4dc7d2751
1500516;1500532;anon;e543bfe79f74e4f020e8df7539abaab4dc7d2751
1500516;1500538;chitty;e543bfe79f74e4f020e8df7539abaab4dc7d2751
1500516;1500542;anon;e543bfe79f74e4f020e8df7539abaab4dc7d2751
1500526;1500536;benjojo;b1346f0c585df1bfdb262581bae0a516277b1d86
1500526;1500540;benjojo;b1346f0c585df1bfdb262581bae0a516277b1d86
1500526;1500553;chitty;b1346f0c585df1bfdb262581bae0a516277b1d86
1500526;1500554;chitty;b1346f0c585df1bfdb262581bae0a516277b1d86
1500528;1500538;jbradford;6df0a63bba60de6607f60a8636abc4b6eca81710
1500528;1500551;enable;6df0a63bba60de6607f60a8636abc4b6eca81710
1500528;1500555;jbradford;6df0a63bba60de6607f60a8636abc4b6eca81710
1500528;1500556;enable;6df0a63bba60de6607f60a8636abc4b6eca81710
1500530;1500538;benjojo;b4327453437b3e6fb9c95b140e643907b21e7505
1500530;1500538;mldorton;b4327453437b3e6fb9c95b140e643907b21e7505
1500530;1500555;benjojo;b4327453437b3e6fb9c95b140e643907b21e7505
1500530;1500555;mldorton;b4327453437b3e6fb9c95b140e643907b21e7505
1500540;1500555;arhag;479d5f02b5f3e28af920b563c78899c222028935
1500540;1500562;zzzz-06xvb;479d5f02b5f3e28af920b563c78899c222028935
1500542;1500549;anon;7a59f0bdb01ab94bb45a2e0e2ff00b6a6751634f
1500542;1500555;nikolai;7a59f0bdb01ab94bb45a2e0e2ff00b6a6751634f
1500542;1500558;nikolai;7a59f0bdb01ab94bb45a2e0e2ff00b6a6751634f
1500542;1500564;anon;7a59f0bdb01ab94bb45a2e0e2ff00b6a6751634f
1500551;1500558;cryptorune;1786369493058d81ce8bc4b936a1f07af889b290
1500551;1500570;benjojo;1786369493058d81ce8bc4b936a1f07af889b290
1500551;1500574;cryptorune;1786369493058d81ce8bc4b936a1f07af889b290
1500551;1500576;benjojo;1786369493058d81ce8bc4b936a1f07af889b290
1500558;1500566;steemed;134b6062091de531d614d40314eac91f63b1ecfb
1500558;1500569;noaommerrr;134b6062091de531d614d40314eac91f63b1ecfb
1500558;1500571;noaommerrr;134b6062091de531d614d40314eac91f63b1ecfb
1500558;1500577;steemed;134b6062091de531d614d40314eac91f63b1ecfb
1500566;1500587;chaosakos;d4dd6de096c8ec19b31d06745ed267bcfdb467f7
1500566;1500591;steempty;d4dd6de096c8ec19b31d06745ed267bcfdb467f7
1500589;1500600;lafona;4daa7e336f1864a1ad1d21575c773e7599fa20b2
1500589;1500606;sock;4daa7e336f1864a1ad1d21575c773e7599fa20b2
1500594;1500600;b0y2k7;87cc695f12b47cbf451e61c84542c8a8ab8868d0
1500594;1500608;;87cc695f12b47cbf451e61c84542c8a8ab8868d0
1500594;1500610;b0y2k7;87cc695f12b47cbf451e61c84542c8a8ab8868d0
1500594;1500610;clayop;87cc695f12b47cbf451e61c84542c8a8ab8868d0
1500602;1500609;linouxis9;fcfcd6d3857ca4e0afac2b5c12a17ffe3e9732b4
1500602;1500611;linouxis9;fcfcd6d3857ca4e0afac2b5c12a17ffe3e9732b4
1500602;1500614;anon;fcfcd6d3857ca4e0afac2b5c12a17ffe3e9732b4
1500608;1500615;ppitonak;d2df8989c11707481998bb679d0907c70da2a6dc
1500608;1500620;chitty;d2df8989c11707481998bb679d0907c70da2a6dc
1500608;1500621;chitty;d2df8989c11707481998bb679d0907c70da2a6dc
1500608;1500624;ppitonak;d2df8989c11707481998bb679d0907c70da2a6dc
1500609;1500614;nkdk;c38142a77d968753829998ad0f37495174c202c4
1500609;1500619;anon;c38142a77d968753829998ad0f37495174c202c4
1500609;1500622;nkdk;c38142a77d968753829998ad0f37495174c202c4
1500609;1500626;anon;c38142a77d968753829998ad0f37495174c202c4
1500611;1500625;cryptorune;eaf2ec5dad08e04826f635c76e047e13ddf8c9ad
1500612;1500621;anon;d5e8342b4dbba2acb087c2f1cec8735ab1a6f2c9
1500612;1500636;tuck-fheman;d5e8342b4dbba2acb087c2f1cec8735ab1a6f2c9
1500612;1500640;anon;d5e8342b4dbba2acb087c2f1cec8735ab1a6f2c9
1500612;1500640;tuck-fheman;d5e8342b4dbba2acb087c2f1cec8735ab1a6f2c9
1500614;1500619;linouxis9;9a7ebc121c63acdba3caf3bec00e4f200c8a6944
1500614;1500623;anon;9a7ebc121c63acdba3caf3bec00e4f200c8a6944
1500614;1500632;anon;9a7ebc121c63acdba3caf3bec00e4f200c8a6944
1500614;1500636;linouxis9;9a7ebc121c63acdba3caf3bec00e4f200c8a6944
1500621;1500629;steemed;2d5fe1a8346667a12747723951cf3e461b26ddb0
1500621;1500633;noaommerrr;2d5fe1a8346667a12747723951cf3e461b26ddb0
1500621;1500634;noaommerrr;2d5fe1a8346667a12747723951cf3e461b26ddb0
1500621;1500644;steemed;2d5fe1a8346667a12747723951cf3e461b26ddb0
1500623;1500648;complexring;69deb784a06eb9e79d30fba2cd771f692821e29b
1500623;1500652;blue.cheese;69deb784a06eb9e79d30fba2cd771f692821e29b
1500631;1500640;benjojo;d0c2867bbdeeb789736fa4b2cd61e0397db0b2c5
1500636;1500645;funnymoney22;d5cbf3d50944b8808d7ccc026dfd461dbaa22932
1500636;1500651;anon;d5cbf3d50944b8808d7ccc026dfd461dbaa22932
1500636;1500657;anon;d5cbf3d50944b8808d7ccc026dfd461dbaa22932
1500636;1500659;funnymoney22;d5cbf3d50944b8808d7ccc026dfd461dbaa22932
1500643;1500654;officialbitcash;6c02f99d90743bc7a007bdcf667023b413daf3c8
1500643;1500662;ppitonak;6c02f99d90743bc7a007bdcf667023b413daf3c8
1500643;1500671;officialbitcash;6c02f99d90743bc7a007bdcf667023b413daf3c8
1500643;1500671;ppitonak;6c02f99d90743bc7a007bdcf667023b413daf3c8
1500645;1500656;liondani;bf520d41de856a2811f22617edd2cfdcf0e084b0
1500645;1500658;linouxis9;bf520d41de856a2811f22617edd2cfdcf0e084b0
1500659;1500678;zekarsalih;b1c7ff7bc3b36d46a569288905066ec0f6928ae8
1500659;1500681;markopaasila;b1c7ff7bc3b36d46a569288905066ec0f6928ae8
1500661;1500670;blocktrades;f3feaff1150298a95b43174068c0358145d588f3
1500661;1500672;b0y2k8;f3feaff1150298a95b43174068c0358145d588f3
1500661;1500681;b0y2k8;f3feaff1150298a95b43174068c0358145d588f3
1500661;1500688;;f3feaff1150298a95b43174068c0358145d588f3
1500662;1500675;mecon;2b1ad179612528c244b688047aaf7f05e70976dc
1500662;1500682;smooth.witness;2b1ad179612528c244b688047aaf7f05e70976dc
1500666;1500674;anon;2676c4e3a88539c19f2d27b863979b8acdd34741
1500666;1500676;zekarsalih;2676c4e3a88539c19f2d27b863979b8acdd34741
1500666;1500684;anon;2676c4e3a88539c19f2d27b863979b8acdd34741
1500666;1500684;zekarsalih;2676c4e3a88539c19f2d27b863979b8acdd34741
1500668;1500682;mldorton;434f002b457684454ec74e2f99375ef9eaf9c1c8
1500673;1500680;anon;0b7bc0734c41d6b6fc7f3555a556552b9f6eab58
1500673;1500680;cryptorune;0b7bc0734c41d6b6fc7f3555a556552b9f6eab58
1500673;1500698;anon;0b7bc0734c41d6b6fc7f3555a556552b9f6eab58
1500673;1500700;cryptorune;0b7bc0734c41d6b6fc7f3555a556552b9f6eab58
1500686;1500692;kushed;13f69ea74968fc926ce2b3e30163491239a9b872
1500686;1500716;klm;13f69ea74968fc926ce2b3e30163491239a9b872
1500688;1500697;riverhead;a88a74c0fcc56496bed4bcaba6a9bb6f0968456c
1500688;1500715;aquarius.com;a88a74c0fcc56496bed4bcaba6a9bb6f0968456c
1500702;1500718;pnc;3a5046abfe60115242f5b0d89d3a284883158eed
1500715;1500721;cryptorune;f6a78d2b84aedd5e0be6500351476a35a21ced0e
1500715;1500723;cryptorune;f6a78d2b84aedd5e0be6500351476a35a21ced0e
1500715;1500727;mldorton;f6a78d2b84aedd5e0be6500351476a35a21ced0e
1500715;1500740;mldorton;f6a78d2b84aedd5e0be6500351476a35a21ced0e
1500739;1500745;arhag;d486445fcfea4e70c890400baa738aba9502aed0
1500739;1500762;why0;d486445fcfea4e70c890400baa738aba9502aed0
1500746;1500752;pnc;28975397dd4e28063296a46fe29d9a7b0fd96c23
1500746;1500758;officialbitcash;28975397dd4e28063296a46fe29d9a7b0fd96c23
1500746;1500764;pnc;28975397dd4e28063296a46fe29d9a7b0fd96c23
1500746;1500773;officialbitcash;28975397dd4e28063296a46fe29d9a7b0fd96c23
1500759;1500777;val;64fe8b1b615127a19d3ebb2515f72d36820b406f
1500759;1500780;cryptorune;64fe8b1b615127a19d3ebb2515f72d36820b406f
1500770;1500778;roseebit;6f974fefcfb62df9470a65729caf8402c7a50f64
1500770;1500788;steem;6f974fefcfb62df9470a65729caf8402c7a50f64
1500770;1500792;roseebit;6f974fefcfb62df9470a65729caf8402c7a50f64
1500770;1500800;steem;6f974fefcfb62df9470a65729caf8402c7a50f64
1500776;1500784;candy.jellycrush;c9576ebee9d06d9298113097e9a4f3b154eb65d6
1500776;1500797;xeldal;c9576ebee9d06d9298113097e9a4f3b154eb65d6
1500777;1500787;b0y2k33;ca0e5d9b96363d69b414e9a0e304ee14082d5e0f
1500777;1500788;witness.svk;ca0e5d9b96363d69b414e9a0e304ee14082d5e0f
1500784;1500790;jbradford;c12a10012ddbb2d494cd8c6af1e977b90e859218
1500784;1500790;mldorton;c12a10012ddbb2d494cd8c6af1e977b90e859218
1500784;1500793;jbradford;c12a10012ddbb2d494cd8c6af1e977b90e859218
1500784;1500804;mldorton;c12a10012ddbb2d494cd8c6af1e977b90e859218
1500802;1500807;anonimau5;30b97c9f0f080e49939179fa08a47ce6babac421
1500802;1500811;summersolstice;30b97c9f0f080e49939179fa08a47ce6babac421
1500802;1500824;anonimau5;30b97c9f0f080e49939179fa08a47ce6babac421
1500802;1500826;summersolstice;30b97c9f0f080e49939179fa08a47ce6babac421
1500809;1500815;dragonball;4b07fc677b5ba0a60f6e466bf43ebe1b896c3c28
1500809;1500819;jabbasteem;4b07fc677b5ba0a60f6e466bf43ebe1b896c3c28
1500811;1500816;ricardo-pereira;65e7fe5e3f712adcd7c06d5f548c2abb0c644604
1500811;1500818;steem;65e7fe5e3f712adcd7c06d5f548c2abb0c644604
1500811;1500820;ricardo-pereira;65e7fe5e3f712adcd7c06d5f548c2abb0c644604
1500811;1500824;steem;65e7fe5e3f712adcd7c06d5f548c2abb0c644604
1500813;1500828;lee3;1c7c99439564cf68ac7271c1454648b9d241fcea
1500813;1500837;abit;1c7c99439564cf68ac7271c1454648b9d241fcea
1500821;1500835;dele-puppy;592834769514cda691676bf2deb30b6fb9d3b399
1500841;1500852;anonimau5;28325ac24ce645be429a7cbb26ce7ece6491b6d2
1500841;1500867;summersolstice;28325ac24ce645be429a7cbb26ce7ece6491b6d2
1500843;1500864;gaius.baltar;ab4289e81cc62fceb45f60442812a6392419779f
1500843;1500867;witness.svk;ab4289e81cc62fceb45f60442812a6392419779f
1500845;1500854;idol;bec267b11c30b78b50e6872c93ad6afc7057e4d5
1500845;1500861;disney;bec267b11c30b78b50e6872c93ad6afc7057e4d5
1500846;1500862;anonimau5;aaa81ebb62cb55451bcf7c6e3b42cdb792e4f928
1500846;1500875;summersolstice;aaa81ebb62cb55451bcf7c6e3b42cdb792e4f928
1500847;1500859;dantheman;107ac25c3935246237985ada85a236d345e8fff2
1500847;1500863;jademont;107ac25c3935246237985ada85a236d345e8fff2
1500872;1500879;b0y2k15;ef8fb1b599d1a6fa88203e5732d4128665268ec9
1500872;1500901;steempty;ef8fb1b599d1a6fa88203e5732d4128665268ec9
1500874;1500881;;fcafaefaf3a0029a3f14dcd8b8d077a05a6ca4f6
1500874;1500885;b0y2k9;fcafaefaf3a0029a3f14dcd8b8d077a05a6ca4f6
1500874;1500887;silversteem;fcafaefaf3a0029a3f14dcd8b8d077a05a6ca4f6
1500874;1500895;b0y2k9;fcafaefaf3a0029a3f14dcd8b8d077a05a6ca4f6
1500878;1500886;kushed;cba002fec166fa92757bb1888d731c017ec4337b
1500878;1500893;candy.sodacrush;cba002fec166fa92757bb1888d731c017ec4337b
1500881;1500890;jocelyn;03fcd70fa259908165166494fefd4acaf256491c
1500881;1500901;masteryoda;03fcd70fa259908165166494fefd4acaf256491c
1500881;1500903;masteryoda;03fcd70fa259908165166494fefd4acaf256491c
1500881;1500910;jocelyn;03fcd70fa259908165166494fefd4acaf256491c
1500884;1500899;jocelyn;4ceb95edf65fe61bd53ad7d289b2b99dd0389f35
1500884;1500905;donkeypong;4ceb95edf65fe61bd53ad7d289b2b99dd0389f35
1500884;1500907;jocelyn;4ceb95edf65fe61bd53ad7d289b2b99dd0389f35
1500884;1500910;donkeypong;4ceb95edf65fe61bd53ad7d289b2b99dd0389f35
1500888;1500895;jocelyn;2f10c74c5e59b9bc35bfff348db5e6dacf604445
1500888;1500896;joseph;2f10c74c5e59b9bc35bfff348db5e6dacf604445
1500888;1500897;joseph;2f10c74c5e59b9bc35bfff348db5e6dacf604445
1500888;1500903;jocelyn;2f10c74c5e59b9bc35bfff348db5e6dacf604445
1500889;1500898;mldorton;bc7832fd9089e09f716e78be1537b44c4212ee07
1500889;1500903;mldorton;bc7832fd9089e09f716e78be1537b44c4212ee07
1500889;1500907;anon;bc7832fd9089e09f716e78be1537b44c4212ee07
1500889;1500918;anon;bc7832fd9089e09f716e78be1537b44c4212ee07
1500907;1500915;anon;c66646694269a985fad3e7ac1377a2363219d842
1500907;1500920;anon;c66646694269a985fad3e7ac1377a2363219d842
1500907;1500922;josephcraig289;c66646694269a985fad3e7ac1377a2363219d842
1500907;1500926;josephcraig289;c66646694269a985fad3e7ac1377a2363219d842
1500909;1500923;anon;0fc55a637888640a1d851f280109404ad8f76adb
1500909;1500925;bob-the-poster;0fc55a637888640a1d851f280109404ad8f76adb
1500909;1500930;bob-the-poster;0fc55a637888640a1d851f280109404ad8f76adb
1500909;1500939;anon;0fc55a637888640a1d851f280109404ad8f76adb
1500911;1500930;anon;72749c9c20d8284e9edd9853943c0033161be5dc
1500911;1500931;pnc;72749c9c20d8284e9edd9853943c0033161be5dc
1500911;1500933;pnc;72749c9c20d8284e9edd9853943c0033161be5dc
1500911;1500936;anon;72749c9c20d8284e9edd9853943c0033161be5dc
1500912;1500922;mldorton;3878e9a4852026b115d76716e09a6d98f559dfcb
1500912;1500937;mldorton;3878e9a4852026b115d76716e09a6d98f559dfcb
1500912;1500938;anon;3878e9a4852026b115d76716e09a6d98f559dfcb
1500912;1500939;anon;3878e9a4852026b115d76716e09a6d98f559dfcb
1500915;1500920;bob-the-poster;4540cd8902710bc718dfa6c4ddf0445cabc675a7
1500915;1500930;bob-the-poster;4540cd8902710bc718dfa6c4ddf0445cabc675a7
1500915;1500931;anon;4540cd8902710bc718dfa6c4ddf0445cabc675a7
1500915;1500940;anon;4540cd8902710bc718dfa6c4ddf0445cabc675a7
1500916;1500924;anon;5379dfe5c0dce0ad9c7061b51a68266532616ea5
1500916;1500928;bob-the-poster;5379dfe5c0dce0ad9c7061b51a68266532616ea5
1500916;1500931;anon;5379dfe5c0dce0ad9c7061b51a68266532616ea5
1500916;1500941;bob-the-poster;5379dfe5c0dce0ad9c7061b51a68266532616ea5
1500920;1500931;witness.svk;7cbe4b283be0cd144beb3aee5ad1f7ed6b1b77ae
1500920;1500936;b0y2k21;7cbe4b283be0cd144beb3aee5ad1f7ed6b1b77ae
1500928;1500957;saturday;0ea893a8cd227fd45bf6c7a4f162857c072abe9c
1500928;1500958;dele-puppy;0ea893a8cd227fd45bf6c7a4f162857c072abe9c
1500939;1500947;donaldtrump;80d120fd338a03e85f5756bce8374bd336e060ad
1500939;1500960;donaldtrump;80d120fd338a03e85f5756bce8374bd336e060ad
1500939;1500963;jocelyn;80d120fd338a03e85f5756bce8374bd336e060ad
1500939;1500967;jocelyn;80d120fd338a03e85f5756bce8374bd336e060ad
1500945;1500957;benjojo;8426c13e89275c3119c05b19ee0cae8f98c812bc
1500945;1500962;jocelyn;8426c13e89275c3119c05b19ee0cae8f98c812bc
1500945;1500967;jocelyn;8426c13e89275c3119c05b19ee0cae8f98c812bc
1500951;1500958;acoustickitty;0cf67dd4b9a499c6b0d6f6ec70a252c48ce3d077
1500951;1500962;clayop;0cf67dd4b9a499c6b0d6f6ec70a252c48ce3d077
1500953;1500960;roseebit;16fa9846a3cc48047adc1fe6e5c372036668e958
1500953;1500975;xeroc;16fa9846a3cc48047adc1fe6e5c372036668e958
1500959;1500973;cryptorune;7b603b743088c7eca9827435f22c7ed9421f0be8
1500959;1500982;pharesim;7b603b743088c7eca9827435f22c7ed9421f0be8
1500959;1500986;cryptorune;7b603b743088c7eca9827435f22c7ed9421f0be8
1500959;1500987;pharesim;7b603b743088c7eca9827435f22c7ed9421f0be8
1500969;1500976;stevemartin;74994e7392e68123e33bab3f0a26b084532e66dd
1500969;1500978;au1nethyb1;74994e7392e68123e33bab3f0a26b084532e66dd
1500977;1500986;benjojo;3a2faaa0ede14a0d869353f84b4e45482df9ccff
1500977;1500995;benjojo;3a2faaa0ede14a0d869353f84b4e45482df9ccff
1500977;1501005;officialbitcash;3a2faaa0ede14a0d869353f84b4e45482df9ccff
1500977;1501006;officialbitcash;3a2faaa0ede14a0d869353f84b4e45482df9ccff
1500987;1501000;mr011;58c91347e4135ba7f7afa1739fbbeb4172885854
1500987;1501007;nextgencrypto;58c91347e4135ba7f7afa1739fbbeb4172885854
1500988;1500999;hephaestus;8df709931f98f7ed36b18a8c845861e994bd49b7
1500988;1501004;kushed;8df709931f98f7ed36b18a8c845861e994bd49b7
1500992;1501006;boatymcboatface;946370e73abe7e69e344b0ceb07379ca1807fd06
1500998;1501010;pharesim;5fa2b495c8343145313964b54272e029fbf24e1c
1500998;1501020;tshering-tamang;5fa2b495c8343145313964b54272e029fbf24e1c
1500998;1501021;pharesim;5fa2b495c8343145313964b54272e029fbf24e1c
1500998;1501021;tshering-tamang;5fa2b495c8343145313964b54272e029fbf24e1c
1501000;1501007;tshering-tamang;b930e3740da889646207fb6dd64b52aba7c0c679
1501000;1501009;tshering-tamang;b930e3740da889646207fb6dd64b52aba7c0c679
1501000;1501013;pharesim;b930e3740da889646207fb6dd64b52aba7c0c679
1501000;1501026;pharesim;b930e3740da889646207fb6dd64b52aba7c0c679
1501006;1501014;funnymoney22;35862b32e71ec31ff1981ba877322b7dc1aa371b
1501006;1501018;funnymoney22;35862b32e71ec31ff1981ba877322b7dc1aa371b
1501006;1501020;benjojo;35862b32e71ec31ff1981ba877322b7dc1aa371b
1501006;1501023;benjojo;35862b32e71ec31ff1981ba877322b7dc1aa371b
1501015;1501030;idg;1d5ba271a8dde595fb8837ccaa2dbb901aaf2864
1501015;1501036;riverhead;1d5ba271a8dde595fb8837ccaa2dbb901aaf2864
1501042;1501053;gavvet;d341c7d947f8abe9b6be46154358c36cb94876a1
1501051;1501058;silversteem;7845ad62749ca0e080601b6e812beb4da299647d
1501056;1501064;pnc;ccbef849625092dc4d98af3920612f7d8e912fd5
1501056;1501066;pnc;ccbef849625092dc4d98af3920612f7d8e912fd5
1501056;1501072;ash;ccbef849625092dc4d98af3920612f7d8e912fd5
1501056;1501073;ash;ccbef849625092dc4d98af3920612f7d8e912fd5
1501065;1501076;anon;28f40a7087663620f5bcd0791727795e34ee652b
1501071;1501092;officialbitcash;899fe5493d90cec4facd6a8e7701515377fa1ad3
1501071;1501094;roseebit;899fe5493d90cec4facd6a8e7701515377fa1ad3
1501072;1501080;tuliptrust-0667;a1c1d4cefdaa3aec19ed182d38445e4b47fa4888
1501072;1501097;au1nethyb1;a1c1d4cefdaa3aec19ed182d38445e4b47fa4888
1501073;1501088;anonimau5;254b556de251c66a8ee55094df95d043d995685e
1501073;1501089;pnc;254b556de251c66a8ee55094df95d043d995685e
1501073;1501095;anonimau5;254b556de251c66a8ee55094df95d043d995685e
1501073;1501101;pnc;254b556de251c66a8ee55094df95d043d995685e
1501076;1501100;anon;de1afed10b9917a4c056e651a5efb39e1477d8fd
1501076;1501104;anon;de1afed10b9917a4c056e651a5efb39e1477d8fd
1501078;1501099;anonimau5;6b0533916e3f3985a3941dbf6fee366c47995651
1501078;1501099;pnc;6b0533916e3f3985a3941dbf6fee366c47995651
1501087;1501093;taconator;38895dd5c9c0e0cffb4f81a0217f449283ecfe4a
1501087;1501099;steemed;38895dd5c9c0e0cffb4f81a0217f449283ecfe4a
1501103;1501109;linouxis9;f2fb9f8ef52eb0b43e2c8e9f07cc8924dbcebd68
1501103;1501110;clayop;f2fb9f8ef52eb0b43e2c8e9f07cc8924dbcebd68
1501103;1501114;linouxis9;f2fb9f8ef52eb0b43e2c8e9f07cc8924dbcebd68
1501103;1501133;clayop;f2fb9f8ef52eb0b43e2c8e9f07cc8924dbcebd68
1501115;1501130;steemed;87e7a337093fea7afb9a8d8bd8bc62a96f246dbd
1501115;1501138;apollo;87e7a337093fea7afb9a8d8bd8bc62a96f246dbd
1501136;1501141;kencode;3553a2eff0d0736fa2b9c1ec75d9f098f967c02b
1501136;1501151;anonimau5;3553a2eff0d0736fa2b9c1ec75d9f098f967c02b
1501136;1501161;anonimau5;3553a2eff0d0736fa2b9c1ec75d9f098f967c02b
1501136;1501163;kencode;3553a2eff0d0736fa2b9c1ec75d9f098f967c02b
1501156;1501163;anonimau5;d87fa0e142c0b42a5ab94cbe70e5b6a8944bfc96
1501156;1501183;kencode;d87fa0e142c0b42a5ab94cbe70e5b6a8944bfc96
1501157;1501168;funnymoney22;5b79ca75b807705830b12ace1885158a92346c30
1501157;1501175;benjojo;5b79ca75b807705830b12ace1885158a92346c30
1501159;1501171;zzzz-12dwj;8d20ddaee379bc610fcc1f470ce8b3c5b6f0b6d2
1501159;1501182;pfunk;8d20ddaee379bc610fcc1f470ce8b3c5b6f0b6d2
1501166;1501183;nilux;79cd03e2f9fa924496793cdab6a5ef9cee99890e
1501166;1501194;riverhead;79cd03e2f9fa924496793cdab6a5ef9cee99890e
1501167;1501174;val;9535bea4b529b7f056cce4e1c12ffb95c0129b07
1501167;1501183;kencode;9535bea4b529b7f056cce4e1c12ffb95c0129b07
1501167;1501188;val;9535bea4b529b7f056cce4e1c12ffb95c0129b07
