DROP FUNCTION IF EXISTS test_given;
CREATE FUNCTION test_given()
    RETURNS void
    LANGUAGE 'plpgsql'
VOLATILE
AS
$BODY$
BEGIN
    PERFORM hive.app_create_context( 'context' );

    INSERT INTO hive.fork( id, block_num, time_of_fork)
    VALUES ( 2, 6, '2020-06-22 19:10:25-07'::timestamp ),
           ( 3, 7, '2020-06-22 19:10:25-07'::timestamp );

    INSERT INTO hive.operation_types
    VALUES (0, 'OP 0', FALSE )
         , ( 1, 'OP 1', FALSE )
         , ( 2, 'OP 2', FALSE )
         , ( 3, 'OP 3', TRUE )
    ;

    INSERT INTO hive.blocks
    VALUES
       ( 1, '\xBADD10', '\xCAFE10', '2016-06-22 19:10:21-07'::timestamp, 5, '\x4007', E'[]', '\x2157', 'STM65w' )
     , ( 2, '\xBADD20', '\xCAFE20', '2016-06-22 19:10:22-07'::timestamp, 5, '\x4007', E'[]', '\x2157', 'STM65w' )
     , ( 3, '\xBADD30', '\xCAFE30', '2016-06-22 19:10:23-07'::timestamp, 5, '\x4007', E'[]', '\x2157', 'STM65w' )
     , ( 4, '\xBADD40', '\xCAFE40', '2016-06-22 19:10:24-07'::timestamp, 5, '\x4007', E'[]', '\x2157', 'STM65w' )
     , ( 5, '\xBADD50', '\xCAFE50', '2016-06-22 19:10:25-07'::timestamp, 5, '\x4007', E'[]', '\x2157', 'STM65w' )
    ;

    INSERT INTO hive.accounts( block_num, name, id )
    VALUES
           ( 1, 'u1', 1 )
         , ( 2, 'u2', 2 )
         , ( 3, 'u3', 3 )
         , ( 4, 'u4', 4 )
         , ( 5, 'u5', 5 )
    ;

    INSERT INTO hive.transactions
    VALUES
           ( 1, 0::SMALLINT, '\xDEED10', 101, 100, '2016-06-22 19:10:21-07'::timestamp, '\xBEEF' )
         , ( 2, 0::SMALLINT, '\xDEED20', 101, 100, '2016-06-22 19:10:22-07'::timestamp, '\xBEEF' )
         , ( 3, 0::SMALLINT, '\xDEED30', 101, 100, '2016-06-22 19:10:23-07'::timestamp, '\xBEEF' )
         , ( 4, 0::SMALLINT, '\xDEED40', 101, 100, '2016-06-22 19:10:24-07'::timestamp, '\xBEEF' )
         , ( 5, 0::SMALLINT, '\xDEED50', 101, 100, '2016-06-22 19:10:25-07'::timestamp, '\xBEEF' )
    ;

    INSERT INTO hive.transactions_multisig
    VALUES
           ( '\xDEED10', '\xBAAD10' )
         , ( '\xDEED20', '\xBAAD20' )
         , ( '\xDEED30', '\xBAAD30' )
         , ( '\xDEED40', '\xBAAD40' )
         , ( '\xDEED50', '\xBAAD50' )
    ;

    INSERT INTO hive.operations
    VALUES
           ( 1, 1, 0, 0, 1, '2016-06-22 19:10:21-07'::timestamp, 'ZERO OPERATION' )
         , ( 2, 2, 0, 0, 1, '2016-06-22 19:10:21-07'::timestamp, 'ONE OPERATION' )
         , ( 3, 3, 0, 0, 1, '2016-06-22 19:10:21-07'::timestamp, 'TWO OPERATION' )
         , ( 4, 4, 0, 0, 1, '2016-06-22 19:10:21-07'::timestamp, 'THREE OPERATION' )
         , ( 5, 5, 0, 0, 1, '2016-06-22 19:10:21-07'::timestamp, 'FIVE OPERATION' )
    ;

    INSERT INTO hive.account_operations(block_num, account_id, account_op_seq_no, operation_id, op_type_id)
    VALUES
       ( 1, 1, 1, 1, 1 )
     , ( 2, 1, 2, 2, 1 )
     , ( 2, 2, 1, 2, 1 )
     , ( 3, 3, 1, 3, 1 )
     , ( 4, 4, 1, 4, 1 )
    ;

    INSERT INTO hive.blocks_reversible
    VALUES
           ( 4, '\xBADD40', '\xCAFE40', '2016-06-22 19:10:25-07'::timestamp, 5, '\x4007', E'[]', '\x2157', 'STM65w', 1 )
         , ( 5, '\xBADD5A', '\xCAFE5A', '2016-06-22 19:10:55-07'::timestamp, 5, '\x4007', E'[]', '\x2157', 'STM65w', 1 )
         , ( 6, '\xBADD60', '\xCAFE60', '2016-06-22 19:10:26-07'::timestamp, 5, '\x4007', E'[]', '\x2157', 'STM65w', 1 )
         , ( 7, '\xBADD70', '\xCAFE70', '2016-06-22 19:10:37-07'::timestamp, 5, '\x4007', E'[]', '\x2157', 'STM65w', 1 )
         , ( 10, '\xBADD11', '\xCAFE11', '2016-06-22 19:10:41-07'::timestamp, 5, '\x4007', E'[]', '\x2157', 'STM65w', 1 )
         , ( 7, '\xBADD70', '\xCAFE70', '2016-06-22 19:10:27-07'::timestamp, 5, '\x4007', E'[]', '\x2157', 'STM65w', 2 )
         , ( 8, '\xBADD80', '\xCAFE80', '2016-06-22 19:10:28-07'::timestamp, 5, '\x4007', E'[]', '\x2157', 'STM65w', 2 )
         , ( 9, '\xBADD90', '\xCAFE90', '2016-06-22 19:10:29-07'::timestamp, 5, '\x4007', E'[]', '\x2157', 'STM65w', 2 )
         , ( 8, '\xBADD83', '\xCAFE80', '2016-06-22 19:10:30-07'::timestamp, 6, '\x4007', E'[]', '\x2157', 'STM65w', 3 )
         , ( 9, '\xBADD90', '\xCAFE90', '2016-06-22 19:10:31-07'::timestamp, 5, '\x4007', E'[]', '\x2157', 'STM65w', 3 )
         , ( 10, '\xBADD1A', '\xCAFE1A', '2016-06-22 19:10:32-07'::timestamp, 7, '\x4007', E'[]', '\x2157', 'STM65w', 3 )
    ;

    INSERT INTO hive.accounts_reversible( block_num, name, id, fork_id)
    VALUES
           ( 4, 'u4_1',4 , 1 )
         , ( 5, 'u5_1',5 , 1 )
         , ( 6, 'u6_1',6 , 1 )
         , ( 7, 'u7_1',7 , 1 )
         , ( 10, 'u10_1',8 , 1 )
         , ( 7, 'u7_2', 9 , 2 )
         , ( 8, 'u8_2', 10 , 2 )
         , ( 9, 'u9_2', 11 , 2 )
         , ( 8, 'u8_3',12 , 3 )
         , ( 9, 'u9_3',13 , 3 )
         , ( 10, 'u10_3',14 , 3 )
    ;

    INSERT INTO hive.transactions_reversible
    VALUES
           ( 4, 0::SMALLINT, '\xDEED40'::bytea, 101, 100, '2016-06-22 19:10:24-07'::timestamp, '\xBEEF'::bytea,  1 )
         , ( 5, 0::SMALLINT, '\xDEED55'::bytea, 101, 100, '2016-06-22 19:10:25-07'::timestamp, '\xBEEF'::bytea,  1 )
         , ( 6, 0::SMALLINT, '\xDEED60'::bytea, 101, 100, '2016-06-22 19:10:26-07'::timestamp, '\xBEEF'::bytea,  1 )
         , ( 7, 0::SMALLINT, '\xDEED70'::bytea, 101, 100, '2016-06-22 19:10:37-07'::timestamp, '\xBEEF'::bytea,  1 )
         , ( 10, 0::SMALLINT, '\xDEED11'::bytea, 101, 100, '2016-06-22 19:10:41-07'::timestamp, '\xBEEF'::bytea,  1 )
         , ( 7, 0::SMALLINT, '\xDEED70'::bytea, 101, 100, '2016-06-22 19:10:27-07'::timestamp, '\xBEEF'::bytea,  2 )
         , ( 8, 0::SMALLINT, '\xDEED80'::bytea, 101, 100, '2016-06-22 19:10:28-07'::timestamp, '\xBEEF'::bytea,  2 )
         , ( 9, 0::SMALLINT, '\xDEED90'::bytea, 101, 100, '2016-06-22 19:10:29-07'::timestamp, '\xBEEF'::bytea,  2 )
         , ( 8, 0::SMALLINT, '\xDEED88'::bytea, 101, 100, '2016-06-22 19:10:28-07'::timestamp, '\xBEEF'::bytea,  3 )
         , ( 9, 0::SMALLINT, '\xDEED99'::bytea, 101, 100, '2016-06-22 19:10:29-07'::timestamp, '\xBEEF'::bytea,  3 )
         , ( 10, 0::SMALLINT, '\xDEED1102'::bytea, 101, 100, '2016-06-22 19:10:30-07'::timestamp, '\xBEEF'::bytea, 3 )
    ;

    INSERT INTO hive.transactions_multisig_reversible
    VALUES
           ( '\xDEED40'::bytea, '\xBEEF40'::bytea,  1 )
         , ( '\xDEED55'::bytea, '\xBEEF55'::bytea,  1 )
         , ( '\xDEED60'::bytea, '\xBEEF61'::bytea,  1 ) --block 6
         , ( '\xDEED70'::bytea, '\xBEEF7110'::bytea,  1 ) -- block 7
         , ( '\xDEED70'::bytea, '\xBEEF7120'::bytea,  1 ) -- block 7
         , ( '\xDEED70'::bytea, '\xBEEF7130'::bytea,  1 ) -- block 7 --must be abandon because of fork 2
         , ( '\xDEED11'::bytea, '\xBEEF7140'::bytea,  1 )
         , ( '\xDEED70'::bytea, '\xBEEF72'::bytea,  2 ) -- block 7
         , ( '\xDEED70'::bytea, '\xBEEF73'::bytea,  2 ) -- block 7
         , ( '\xDEED80'::bytea, '\xBEEF82'::bytea,  2 ) -- block 8
         , ( '\xDEED90'::bytea, '\xBEEF92'::bytea,  2 ) -- block 9
         , ( '\xDEED88'::bytea, '\xBEEF83'::bytea,  3 ) -- block 8
         , ( '\xDEED99'::bytea, '\xBEEF93'::bytea,  3 ) -- block 9
         , ( '\xDEED1102'::bytea, '\xBEEF13'::bytea,  3 ) -- block 10
    ;

    INSERT INTO hive.operations_reversible
    VALUES
           ( 4, 4, 0, 0, 1, '2016-06-22 19:10:21-07'::timestamp, 'THREE OPERATION', 1 )
         , ( 5, 5, 0, 0, 1, '2016-06-22 19:10:21-07'::timestamp, 'FIVEFIVE OPERATION', 1 )
         , ( 6, 6, 0, 0, 1, '2016-06-22 19:10:21-07'::timestamp, 'SIX OPERATION', 1 )
         , ( 7, 7, 0, 0, 1, '2016-06-22 19:10:21-07'::timestamp, 'SEVEN0 OPERATION', 1 )
         , ( 8, 7, 0, 1, 1, '2016-06-22 19:10:21-07'::timestamp, 'SEVEN01 OPERATION', 1 )
         , ( 9, 7, 0, 2, 1, '2016-06-22 19:10:21-07'::timestamp, 'SEVEN02 OPERATION', 1 )
         , ( 7, 7, 0, 0, 1, '2016-06-22 19:10:21-07'::timestamp, 'SEVEN2 OPERATION', 2 )
         , ( 8, 7, 0, 1, 1, '2016-06-22 19:10:21-07'::timestamp, 'SEVEN21 OPERATION', 2 )
         , ( 9, 8, 0, 0, 1, '2016-06-22 19:10:21-07'::timestamp, 'EAIGHT2 OPERATION', 2 )
         , ( 10, 9, 0, 0, 1, '2016-06-22 19:10:21-07'::timestamp, 'NINE2 OPERATION', 2 )
         , ( 9, 8, 0, 0, 1, '2016-06-22 19:10:21-07'::timestamp, 'EIGHT3 OPERATION', 3 )
         , ( 10, 9, 0, 0, 1, '2016-06-22 19:10:21-07'::timestamp, 'NINE3 OPERATION', 3 )
         , ( 11, 10, 0, 0, 1, '2016-06-22 19:10:21-07'::timestamp, 'TEN OPERATION', 3 )
    ;

    INSERT INTO hive.account_operations_reversible
    VALUES
           ( 4, 4, 1, 4, 1, 1 ) -- block 4 (1)
         , ( 5, 5, 1, 5, 1, 1 ) -- block 5 (1)
         , ( 6, 6, 1, 6, 1, 1 ) -- block 6 (1)
         , ( 7, 7, 1, 7, 1, 1 ) -- block 7(1), must be overriden by fork 2
         , ( 7, 8, 1, 7, 1, 1 ) -- block 7(1), must be overriden by fork 2
         , ( 8, 9, 1, 9, 1, 1 ) -- block 7(1), must be overriden by fork 2
         , ( 9, 7, 2, 10, 1, 2 ) -- block 9 (2)
         , ( 7, 9, 2, 8, 1, 2 ) -- block 7(2)
         , ( 8, 9, 3, 9, 1, 2 ) -- block 8(2) -- block 8(3) has not operation
         , ( 7, 4, 2, 8, 1, 2 ) -- block 7(2)
         , ( 9, 10, 2, 10, 1, 2 ) -- block 9(2)
         , ( 9, 10, 3, 10, 1, 3 ) -- block 9(3)
         , ( 9, 11, 3, 10, 1, 3 ) -- block 9(3)
    ;


    UPDATE hive.contexts SET fork_id = 2, irreversible_block = 8, current_block_num = 8;
    -- SUMMARY:
    --We have 3 forks: 1 (blocks: 4,5,6),2 (blocks: 7,8,9) ,3 (blocks: 8,9, 10), moreover block 1,2,3,4 are
    --in set of irreversible blocks. There is one context which is working on 8 block on fork 2, and has information
    --that block nr 8 is last known irreversible block.

END;
$BODY$
;

DROP FUNCTION IF EXISTS test_when;
CREATE FUNCTION test_when()
    RETURNS void
    LANGUAGE 'plpgsql'
VOLATILE
AS
$BODY$
BEGIN
    -- block 8 from current top fork (nr 3 ) become irreversible
    PERFORM hive.set_irreversible( 8 );
END
$BODY$
;

DROP FUNCTION IF EXISTS test_then;
CREATE FUNCTION test_then()
    RETURNS void
    LANGUAGE 'plpgsql'
STABLE
AS
$BODY$
BEGIN
    ASSERT EXISTS( SELECT * FROM hive.blocks ), 'No blocks';
    ASSERT NOT EXISTS (
        SELECT * FROM hive.blocks
        EXCEPT SELECT * FROM ( VALUES
                   ( 1, '\xBADD10'::bytea, '\xCAFE10'::bytea, '2016-06-22 19:10:21-07'::timestamp, 5, '\x4007'::bytea, '[]'::jsonb, '\x2157'::bytea, 'STM65w' )
                 , ( 2, '\xBADD20'::bytea, '\xCAFE20'::bytea, '2016-06-22 19:10:22-07'::timestamp, 5, '\x4007'::bytea, '[]'::jsonb, '\x2157'::bytea, 'STM65w' )
                 , ( 3, '\xBADD30'::bytea, '\xCAFE30'::bytea, '2016-06-22 19:10:23-07'::timestamp, 5, '\x4007'::bytea, '[]'::jsonb, '\x2157'::bytea, 'STM65w' )
                 , ( 4, '\xBADD40'::bytea, '\xCAFE40'::bytea, '2016-06-22 19:10:24-07'::timestamp, 5, '\x4007'::bytea, '[]'::jsonb, '\x2157'::bytea, 'STM65w' )
                 , ( 5, '\xBADD50'::bytea, '\xCAFE50'::bytea, '2016-06-22 19:10:25-07'::timestamp, 5, '\x4007'::bytea, '[]'::jsonb, '\x2157'::bytea, 'STM65w' )
                 , ( 6, '\xBADD60'::bytea, '\xCAFE60'::bytea, '2016-06-22 19:10:26-07'::timestamp, 5, '\x4007'::bytea, '[]'::jsonb, '\x2157'::bytea, 'STM65w' )
                 , ( 7, '\xBADD70'::bytea, '\xCAFE70'::bytea, '2016-06-22 19:10:27-07'::timestamp, 5, '\x4007'::bytea, '[]'::jsonb, '\x2157'::bytea, 'STM65w' )
                 , ( 8, '\xBADD83'::bytea, '\xCAFE80'::bytea, '2016-06-22 19:10:30-07'::timestamp, 6, '\x4007'::bytea, '[]'::jsonb, '\x2157'::bytea, 'STM65w' )
                 ) as pattern
    ) , 'Unexpected rows in hive.blocks';


    ASSERT EXISTS( SELECT * FROM hive.blocks_reversible ), 'No reversible blocks';

    ASSERT NOT EXISTS (
        SELECT * FROM hive.blocks_reversible
        EXCEPT SELECT * FROM ( VALUES
              ( 10, '\xBADD11'::bytea, '\xCAFE11'::bytea, '2016-06-22 19:10:41-07'::timestamp, 5, '\x4007'::bytea, '[]'::jsonb, '\x2157'::bytea, 'STM65w', 1 )
            , ( 8, '\xBADD80'::bytea, '\xCAFE80'::bytea, '2016-06-22 19:10:28-07'::timestamp, 5, '\x4007'::bytea, '[]'::jsonb, '\x2157'::bytea, 'STM65w', 2 )
            , ( 9, '\xBADD90'::bytea, '\xCAFE90'::bytea, '2016-06-22 19:10:29-07'::timestamp, 5, '\x4007'::bytea, '[]'::jsonb, '\x2157'::bytea, 'STM65w', 2 )
            , ( 8, '\xBADD83'::bytea, '\xCAFE80'::bytea, '2016-06-22 19:10:30-07'::timestamp, 6, '\x4007'::bytea, '[]'::jsonb, '\x2157'::bytea, 'STM65w', 3 )
            , ( 9, '\xBADD90'::bytea, '\xCAFE90'::bytea, '2016-06-22 19:10:31-07'::timestamp, 5, '\x4007'::bytea, '[]'::jsonb, '\x2157'::bytea, 'STM65w', 3 )
            , ( 10, '\xBADD1A'::bytea, '\xCAFE1A'::bytea, '2016-06-22 19:10:32-07'::timestamp, 7, '\x4007'::bytea, '[]'::jsonb, '\x2157'::bytea, 'STM65w', 3 )
        ) as pattern
    ) , 'Unexpected rows in hive.blocks_reversible';

    ASSERT EXISTS( SELECT * FROM hive.accounts_reversible ), 'No accounts reversible';

    ASSERT ( SELECT COUNT(*) FROM hive.accounts ) = 8, 'Wrong number of accounts';
    ASSERT NOT EXISTS (
        SELECT block_num, name, id FROM hive.accounts
        EXCEPT SELECT * FROM ( VALUES
                   ( 1, 'u1', 1 )
                 , ( 2, 'u2', 2 )
                 , ( 3, 'u3', 3 )
                 , ( 4, 'u4', 4 )
                 , ( 5, 'u5', 5 )
                 , ( 6, 'u6_1',6 )
                 , ( 7, 'u7_2', 9 )
                 , ( 8, 'u8_3', 12 )
                 ) as pattern
    ) , 'Unexpected rows in hive.accounts';

    ASSERT NOT EXISTS (
        SELECT block_num, name, id, fork_id FROM hive.accounts_reversible
        EXCEPT SELECT * FROM ( VALUES
               ( 10, 'u10_1',8 , 1 )
             , ( 8, 'u8_2', 10 , 2 )
             , ( 9, 'u9_2', 11 , 2 )
             , ( 8, 'u8_3',12 , 3 )
             , ( 9, 'u9_3',13 , 3 )
             , ( 10, 'u10_3',14 , 3 )
        ) as pattern
    ) , 'Unexpected rows in hive.accounts_reversible';

    ASSERT EXISTS( SELECT * FROM hive.transactions ), 'No transactions';

    ASSERT NOT EXISTS (
        SELECT * FROM hive.transactions
        EXCEPT SELECT * FROM ( VALUES
                   ( 1, 0::SMALLINT, '\xDEED10'::bytea, 101, 100, '2016-06-22 19:10:21-07'::timestamp, '\xBEEF'::bytea )
                 , ( 2, 0::SMALLINT, '\xDEED20'::bytea, 101, 100, '2016-06-22 19:10:22-07'::timestamp, '\xBEEF'::bytea )
                 , ( 3, 0::SMALLINT, '\xDEED30'::bytea, 101, 100, '2016-06-22 19:10:23-07'::timestamp, '\xBEEF'::bytea )
                 , ( 4, 0::SMALLINT, '\xDEED40'::bytea, 101, 100, '2016-06-22 19:10:24-07'::timestamp, '\xBEEF'::bytea )
                 , ( 5, 0::SMALLINT, '\xDEED50'::bytea, 101, 100, '2016-06-22 19:10:25-07'::timestamp, '\xBEEF'::bytea )
                 , ( 6, 0::SMALLINT, '\xDEED60'::bytea, 101, 100, '2016-06-22 19:10:26-07'::timestamp, '\xBEEF'::bytea )
                 , ( 7, 0::SMALLINT, '\xDEED70'::bytea, 101, 100, '2016-06-22 19:10:27-07'::timestamp, '\xBEEF'::bytea )
                 , ( 7, 1::SMALLINT, '\xDEED70B1'::bytea, 101, 100, '2016-06-22 19:10:27-07'::timestamp, '\xBEEF'::bytea )
                 , ( 8, 0::SMALLINT, '\xDEED88'::bytea, 101, 100, '2016-06-22 19:10:28-07'::timestamp, '\xBEEF'::bytea )
                 ) as pattern
    ) , 'Unexpected rows in hive.transactions';

    ASSERT EXISTS( SELECT * FROM hive.transactions_multisig ), 'No transactions signatures';

    ASSERT NOT EXISTS (
        SELECT * FROM hive.transactions_multisig
        EXCEPT SELECT * FROM ( VALUES
              ( '\xDEED10'::bytea, '\xBAAD10'::bytea )
            , ( '\xDEED20'::bytea, '\xBAAD20'::bytea )
            , ( '\xDEED30'::bytea, '\xBAAD30'::bytea )
            , ( '\xDEED40'::bytea, '\xBAAD40'::bytea )
            , ( '\xDEED50'::bytea, '\xBAAD50'::bytea )
            , ( '\xDEED60'::bytea, '\xBEEF61'::bytea )
            , ( '\xDEED70'::bytea, '\xBEEF72'::bytea )
            , ( '\xDEED70'::bytea, '\xBEEF73'::bytea )
            , ( '\xDEED88'::bytea, '\xBEEF83'::bytea )
         ) as pattern
    ) , 'Unexpected rows in hive.transactions_multisig';

    ASSERT EXISTS( SELECT * FROM hive.operations ), 'No operations';

    ASSERT NOT EXISTS (
        SELECT * FROM hive.operations
        EXCEPT SELECT * FROM ( VALUES
              ( 1, 1, 0, 0, 1, '2016-06-22 19:10:21-07'::timestamp, 'ZERO OPERATION' )
            , ( 2, 2, 0, 0, 1, '2016-06-22 19:10:21-07'::timestamp, 'ONE OPERATION' )
            , ( 3, 3, 0, 0, 1, '2016-06-22 19:10:21-07'::timestamp, 'TWO OPERATION' )
            , ( 4, 4, 0, 0, 1, '2016-06-22 19:10:21-07'::timestamp, 'THREE OPERATION' )
            , ( 5, 5, 0, 0, 1, '2016-06-22 19:10:21-07'::timestamp, 'FIVE OPERATION' )
            , ( 6, 6, 0, 0, 1, '2016-06-22 19:10:21-07'::timestamp, 'SIX OPERATION' )
            , ( 7, 7, 0, 0, 1, '2016-06-22 19:10:21-07'::timestamp, 'SEVEN2 OPERATION' )
            , ( 8, 7, 0, 1, 1, '2016-06-22 19:10:21-07'::timestamp, 'SEVEN21 OPERATION' )
            , ( 9, 8, 0, 0, 1, '2016-06-22 19:10:21-07'::timestamp, 'EIGHT3 OPERATION' )
        ) as pattern
    ) , 'Unexpected rows in hive.operations';

    ASSERT EXISTS( SELECT * FROM hive.transactions_reversible ), 'No reversible transactions';


    ASSERT NOT EXISTS (
        SELECT * FROM hive.transactions_reversible
        EXCEPT SELECT * FROM ( VALUES
               ( 10, 0::SMALLINT, '\xDEED11'::bytea, 101, 100, '2016-06-22 19:10:41-07'::timestamp, '\xBEEF'::bytea,  1 )
             , ( 8, 0::SMALLINT, '\xDEED80'::bytea, 101, 100, '2016-06-22 19:10:28-07'::timestamp, '\xBEEF'::bytea,  2 )
             , ( 9, 0::SMALLINT, '\xDEED90'::bytea, 101, 100, '2016-06-22 19:10:29-07'::timestamp, '\xBEEF'::bytea,  2 )
             , ( 8, 0::SMALLINT, '\xDEED88'::bytea, 101, 100, '2016-06-22 19:10:28-07'::timestamp, '\xBEEF'::bytea,  3 )
             , ( 9, 0::SMALLINT, '\xDEED99'::bytea, 101, 100, '2016-06-22 19:10:29-07'::timestamp, '\xBEEF'::bytea,  3 )
             , ( 10, 0::SMALLINT, '\xDEED1102'::bytea, 101, 100, '2016-06-22 19:10:30-07'::timestamp, '\xBEEF'::bytea, 3 )
        ) as pattern
    ) , 'Unexpected rows in hive.transactions_reversible';

    ASSERT EXISTS( SELECT * FROM hive.transactions_multisig_reversible ), 'No reversible signatures';

    ASSERT NOT EXISTS (
    SELECT * FROM hive.transactions_multisig_reversible
    EXCEPT SELECT * FROM ( VALUES
           ( '\xDEED11'::bytea, '\xBEEF7140'::bytea,  1 ) -- block 10
         , ( '\xDEED80'::bytea, '\xBEEF82'::bytea,  2 ) -- block 8
         , ( '\xDEED90'::bytea, '\xBEEF92'::bytea,  2 ) -- block 9
         , ( '\xDEED88'::bytea, '\xBEEF83'::bytea,  3 ) -- block 8
         , ( '\xDEED99'::bytea, '\xBEEF93'::bytea,  3 ) -- block 9
         , ( '\xDEED1102'::bytea, '\xBEEF13'::bytea,  3 ) -- block 10
    ) as pattern
    ) , 'Unexpected rows in hive.transactions_multisig_reversible';

    ASSERT EXISTS( SELECT * FROM hive.operations_reversible ), 'No reversible oprations';

    ASSERT NOT EXISTS (
    SELECT * FROM hive.operations_reversible
    EXCEPT SELECT * FROM ( VALUES
           ( 9, 8, 0, 0, 1, '2016-06-22 19:10:21-07'::timestamp, 'EAIGHT2 OPERATION', 2 )
         , ( 10, 9, 0, 0, 1, '2016-06-22 19:10:21-07'::timestamp, 'NINE2 OPERATION', 2 )
         , ( 9, 8, 0, 0, 1, '2016-06-22 19:10:21-07'::timestamp, 'EIGHT3 OPERATION', 3 )
         , ( 10, 9, 0, 0, 1, '2016-06-22 19:10:21-07'::timestamp, 'NINE3 OPERATION', 3 )
         , ( 11, 10, 0, 0, 1, '2016-06-22 19:10:21-07'::timestamp, 'TEN OPERATION', 3 )
    ) as pattern
    ), 'Unexpected rows in hive.operations_reversible'
    ;

    ASSERT NOT EXISTS (
    SELECT * FROM hive.account_operations
    EXCEPT SELECT * FROM ( VALUES
                  ( 1, 1, 1, 1, 1)
                , ( 2, 1, 2, 2, 1)
                , ( 2, 2, 1, 2, 1)
                , ( 3, 3, 1, 3, 1)
                , ( 4, 4, 1, 4, 1)
                , ( 6, 6, 1, 6, 1) -- block 6 (1)
                , ( 7, 4, 2, 8, 1) -- block 7(2)
                , ( 7, 9, 2, 8, 1) -- block 7(2)
             ) as pattern
    ) , 'Unexpected rows in the account_operations';
    ASSERT ( SELECT COUNT(*) FROM hive.account_operations ) = 8, 'Wrong number of hive account_operations';
END;
$BODY$
;




